{"cameraMode":{"drawMode":0,"name":"Shaded","section":"Shading Mode"},"sceneLighting":true,"audioPlay":false,"sceneViewState":{"showFog":true,"showMaterialUpdate":false,"showSkybox":true,"showFlares":true,"showImageEffects":true,"showParticleSystems":true},"in2DMode":false,"pivot":{"x":37.79999923706055,"y":-4.009706974029541,"z":-7.440000057220459},"rotation":{"x":0.1392095983028412,"y":-0.8606685996055603,"z":0.33611711859703066,"w":0.35649940371513369},"size":5.655983924865723,"orthographic":false}